<?xml version="1.0" encoding="UTF-8"?>
<metadata modelVersion="1.1.0">
  <groupId>org.apache.carbondata</groupId>
  <artifactId>carbondata-format</artifactId>
  <version>2.2.0-SNAPSHOT</version>
  <versioning>
    <snapshot>
      <timestamp>20210415.155100</timestamp>
      <buildNumber>3</buildNumber>
    </snapshot>
    <lastUpdated>20210415155100</lastUpdated>
    <snapshotVersions>
      <snapshotVersion>
        <extension>jar</extension>
        <value>2.2.0-20210415.155100-3</value>
        <updated>20210415155100</updated>
      </snapshotVersion>
      <snapshotVersion>
        <extension>pom</extension>
        <value>2.2.0-20210415.155100-3</value>
        <updated>20210415155100</updated>
      </snapshotVersion>
    </snapshotVersions>
  </versioning>
</metadata>
