<?xml version="1.0" encoding="UTF-8"?>
<metadata modelVersion="1.1.0">
  <groupId>org.apache.carbondata</groupId>
  <artifactId>carbondata-format</artifactId>
  <version>2.2.0-SNAPSHOT</version>
  <versioning>
    <snapshot>
      <localCopy>true</localCopy>
    </snapshot>
    <lastUpdated>20210504045405</lastUpdated>
    <snapshotVersions>
      <snapshotVersion>
        <extension>jar</extension>
        <value>2.2.0-SNAPSHOT</value>
        <updated>20210504045405</updated>
      </snapshotVersion>
      <snapshotVersion>
        <extension>pom</extension>
        <value>2.2.0-SNAPSHOT</value>
        <updated>20210504045405</updated>
      </snapshotVersion>
    </snapshotVersions>
  </versioning>
</metadata>
